user;session_id;lang;word_asked;example;translations_total_nr;translations_left;user_answer;is_correct;time
default_user;1;latin;mĕrīdĭānus, meridiană, meridianum [adj];Membra ferarum mihi apportabat, quae ego ignis copiam non habens sole meridiano torrebam. [non habens + nom - po polsku byłby biernik ze względu na przeczenie. ];1;południowy;południowy;True;2025-03-29 21:15:34
default_user;1;latin;verto, vertĕre, verti, versum [verb] [III];Androclus inter illa blandimenta ferocis bestiae amissum animum recuperat paulatimque oculos ad leonem vertit;1;obrócić się, odwrócić się;obrócić się, odwrócić się;True;2025-03-29 21:15:55
default_user;1;latin;paulātim [adv];Androclus inter illa blandimenta ferocis bestiae amissum animum recuperat paulatimque oculos ad leonem vertit;1;stopniowo, niewielka ilość na raz, kawałek po kawałku;;False;2025-03-29 21:16:30
default_user;1;latin;dētergĕo, dētergēre, detersi, detersum [verb] [II];Ibi ego spinam ingentem ex pede eius revelli saniemque vulnere expressi ac sine metu detersi cruorem;1;wytrzeć, wyczyścić, zmyć;wytrzeć, wyczyścić, zmyć;True;2025-03-29 21:17:14
default_user;1;latin;cauda, caudae [noun] [f] [I];Tum leo caudam more canum placide movet crurawue et manum hominis linqua leniter tangit;1;(zwierzęcy) ogon;(zwierzęcy) ogon;True;2025-03-29 21:17:23
default_user;1;latin;mītis, mitis, mite [adj];Qui postquam vidit me, mitis accessit ac pedem suum mihi ostendit;1;łagodny, delikatny, spokojny;łagodny, delikatny, spokojny;True;2025-03-29 21:17:41
default_user;1;latin;sensim [adv];Leo repente constitit, ac deinde sensim atque placide, tamquam hominem noscitans, accedit;1;powoli, stopniowo, ostrożnie;delikatnie, spokojnie, stopniowo;False;2025-03-29 21:49:01
default_user;1;latin;sensim [adv];Leo repente constitit, ac deinde sensim atque placide, tamquam hominem noscitans, accedit;1;powoli, stopniowo, ostrożnie;;False;2025-03-29 21:49:04
default_user;1;latin;campus, campi [noun] [m] [II];Ego ab illo iniquis et cotidianis verberibus ad fugam sum coactus et in camporum et arenarum solitudines concessi;1;równina;równina;True;2025-03-29 21:49:18
default_user;1;latin;crŭŏr, cruoris [noun] [m] [III];Ibi ego spinam ingentem ex pede eius revelli saniemque vulnere expressi ac sine metu detersi cruorem;1;krew;rana;False;2025-03-29 21:49:28
default_user;1;latin;crŭŏr, cruoris [noun] [m] [III];Ibi ego spinam ingentem ex pede eius revelli saniemque vulnere expressi ac sine metu detersi cruorem;1;krew;krew;True;2025-03-29 21:49:41
default_user;1;latin;crŭentus, cruentă, cruentum [adj];Neque multo post ad eundem specum venit hic leo cruento pede;1;krwawy, krwawiący;krwawy, krwawiący;True;2025-03-29 21:49:58
default_user;1;latin;sănĭēs, saniei [noun] [f] [V];Ibi ego spinam ingentem ex pede eius revelli saniemque vulnere expressi ac sine metu detersi cruorem;1;ropa itp. wypływająca z rany lub wrzodu;;False;2025-03-29 21:50:47
default_user;1;latin;cōtīdĭānus, cotidiană, cotidianum [adj];Ego ab illo iniquis et cotidianis verberibus ad fugam sum coactus et in camporum et arenarum solitudines concessi;2;codzienny | zwykły, normalny, rutynowy;codzienny;True;2025-03-29 21:51:01
default_user;1;latin;cōtīdĭānus, cotidiană, cotidianum [adj];Ego ab illo iniquis et cotidianis verberibus ad fugam sum coactus et in camporum et arenarum solitudines concessi;2;zwykły, normalny, rutynowy;zwykły, normalny, rutynowy;True;2025-03-29 21:51:01
default_user;1;latin;rĕcŭpĕro, rĕcŭpĕrāre, recuperavi, recuperatum [verb] [I];Androclus inter illa blandimenta ferocis bestiae amissum animum recuperat paulatimque oculos ad leonem vertit;1;odzyskać, przywrócić, przywrócić do zdrowia;;False;2025-03-29 21:51:16
default_user;1;latin;complūres, complurĭum [noun] [m] [pl] [III];Introductus est inter complures servus viri consularis;1;kilka, spora liczba;;False;2025-03-29 21:51:36
default_user;1;latin;ăb [prep];Ego ab illo iniquis et cotidianis verberibus ad fugam sum coactus et in camporum et arenarum solitudines concessi;2;(strona bierna) przez (+ abl) | (czas) od (+ abl);przez (+ abl);False;2025-03-29 21:51:54
default_user;1;latin;ăb [prep];Ego ab illo iniquis et cotidianis verberibus ad fugam sum coactus et in camporum et arenarum solitudines concessi;2;(strona bierna) przez (+ abl) | (czas) od (+ abl);przez (+ acc);False;2025-03-29 21:51:54
default_user;1;latin;ăb [prep];Ego ab illo iniquis et cotidianis verberibus ad fugam sum coactus et in camporum et arenarum solitudines concessi;2;(strona bierna) przez (+ abl) | (czas) od (+ abl);;False;2025-03-29 21:51:56
default_user;1;latin;mĕtŭs, metūs [noun] [m] [IV];Ibi ego spinam ingentem ex pede eius revelli saniemque vulnere expressi ac sine metu detersi cruorem;1;strach, niepokój;;False;2025-03-29 21:58:31
default_user;1;latin;crūs, cruris [noun] [n] [III];Tum leo caudam more canum placide movet crurawue et manum hominis linqua leniter tangit;1;noga, podudzie;;False;2025-03-29 22:00:07
default_user;1;latin;blandīmentum, blandimenti [noun] [n] [II];Androclus inter illa blandimenta ferocis bestiae amissum animum recuperat paulatimque oculos ad leonem vertit;1;kuszenie, przymilanie się lub nakłanianie do czegoś;kuszenie, przymilanie się lub nakłanianie do czegoś;True;2025-03-29 22:00:20
default_user;1;latin;exprĭmo, exprĭmĕre, expressi, expressum [verb] [III];Ibi ego spinam ingentem ex pede eius revelli saniemque vulnere expressi ac sine metu detersi cruorem;2;ściskać, wyciskać | wymawiać, wyrażać;ściskać, wyciskać;True;2025-03-29 22:00:32
default_user;1;latin;exprĭmo, exprĭmĕre, expressi, expressum [verb] [III];Ibi ego spinam ingentem ex pede eius revelli saniemque vulnere expressi ac sine metu detersi cruorem;2;wymawiać, wyrażać;;False;2025-03-29 22:00:39
default_user;1;latin;vīvesco, vīvescĕre, vixi [verb] [III];Ex eo die triennium ego et leo in eodem specu eodem victu viximus;2;ożyć | zacząć żyć;ożyć;True;2025-03-29 22:00:52
default_user;1;latin;vīvesco, vīvescĕre, vixi [verb] [III];Ex eo die triennium ego et leo in eodem specu eodem victu viximus;2;zacząć żyć;zacząć żyć;True;2025-03-29 22:00:52
default_user;1;latin;tamquăm [adv];Leo repente constitit, ac deinde sensim atque placide, tamquam hominem noscitans, accedit;1;tak jak, tak jakby;tak jak, tak jakby;True;2025-03-29 22:01:16
default_user;1;latin;consŭlāris, consularis, consulare [adj];Introductus est inter complures servus viri consularis;1;konsularny;konsularny;True;2025-03-29 22:01:22
default_user;1;latin;plăcĭdē [adv];Leo repente constitit, ac deinde sensim atque placide, tamquam hominem noscitans, accedit;1;delikatnie, spokojnie, stopniowo;delikatnie, spokojnie, stopniowo;True;2025-03-29 22:01:51
default_user;1;latin;torrĕo, torrēre, torrui, tostum [verb] [II];Membra ferarum mihi apportabat, quae ego ignis copiam non habens sole meridiano torrebam. [non habens + nom - po polsku byłby biernik ze względu na przeczenie. ];1;parzyć, prażyć, przypalać, piec, palić się;parzyć, prażyć, przypalać, piec, palić się;True;2025-03-29 22:02:37
default_user;1;latin;rĕmōtus, remotă, remotum [adj];Aliquando specum remotum inveni ibique intravi;2;odległy, daleki | usunięty, wycofany;odległy;False;2025-03-29 22:06:36
default_user;1;latin;rĕmōtus, remotă, remotum [adj];Aliquando specum remotum inveni ibique intravi;2;odległy, daleki | usunięty, wycofany;;False;2025-03-29 22:08:45
default_user;1;latin;bestĭa, bestiae [noun] [f] [I];Androclus inter illa blandimenta ferocis bestiae amissum animum recuperat paulatimque oculos ad leonem vertit;1;bestia, zwierzę, stworzenie;bestia, zwierzę, stworzenie;True;2025-03-29 22:08:54
default_user;1;latin;cănes, canis [noun] [m/f] [III];Tum leo caudam more canum placide movet crurawue et manum hominis linqua leniter tangit;1;pies;pies;True;2025-03-29 22:09:01
default_user;1;latin;obtĭnĕo, obtĭnēre, obtinui, obtentum [verb] [II];Dominus meus provinciam Africam proconsulari imperio obtinebat;2;utrzymywać, zachowywać | mieć, dzierżyć, sprawować;utrzymywać, zachowywać;True;2025-03-29 22:09:12
default_user;1;latin;obtĭnĕo, obtĭnēre, obtinui, obtentum [verb] [II];Dominus meus provinciam Africam proconsulari imperio obtinebat;2;mieć, dzierżyć, sprawować;trzymać;False;2025-03-29 22:09:12
default_user;1;latin;obtĭnĕo, obtĭnēre, obtinui, obtentum [verb] [II];Dominus meus provinciam Africam proconsulari imperio obtinebat;2;mieć, dzierżyć, sprawować;;False;2025-03-29 22:09:15
default_user;1;latin;ăb [prep];Ego ab illo iniquis et cotidianis verberibus ad fugam sum coactus et in camporum et arenarum solitudines concessi;1;(czas) od (+ abl);przez (+ abl);False;2025-03-29 22:09:34
default_user;1;latin;ăb [prep];Ego ab illo iniquis et cotidianis verberibus ad fugam sum coactus et in camporum et arenarum solitudines concessi;1;(czas) od (+ abl);przez (+ acc);False;2025-03-29 22:09:34
default_user;1;latin;ăb [prep];Ego ab illo iniquis et cotidianis verberibus ad fugam sum coactus et in camporum et arenarum solitudines concessi;1;(czas) od (+ abl);;False;2025-03-29 22:09:36
default_user;1;latin;rĕmōtus, remotă, remotum [adj];Aliquando specum remotum inveni ibique intravi;1;usunięty, wycofany;;False;2025-03-29 22:10:58
default_user;1;latin;admīrābĭlis, admirabilis, admirabile [adj];Ea re tam admirabili clamores populi excitati sunt;3;godny podziwu, wspaniały | dziwny, zadziwiający, niezwykły | paradoksalny, sprzeczny;dziwny, zadziwiający, niezwykły;True;2025-03-29 22:11:44
default_user;1;latin;admīrābĭlis, admirabilis, admirabile [adj];Ea re tam admirabili clamores populi excitati sunt;3;godny podziwu, wspaniały | paradoksalny, sprzeczny;paradoksalny, sprzeczny;True;2025-03-29 22:11:54
default_user;1;latin;admīrābĭlis, admirabilis, admirabile [adj];Ea re tam admirabili clamores populi excitati sunt;3;godny podziwu, wspaniały;;False;2025-03-29 22:11:56
default_user;1;latin;quĭesco, quĭescĕre, quievi, quietum [verb] [III];Ille tunc recubuit et quievit;1;odpoczywać, być cicho, być spokojnym;odpoczywać, być cicho, być spokojnym;True;2025-03-29 22:12:11
default_user;1;latin;hīc [pron];Neque multo post ad eundem specum venit hic leo cruento pede;1;ten tutaj, ten oto;ten tutaj, ten oto;True;2025-03-29 22:12:29
default_user;1;latin;rĕpentĕ [adv];Leo repente constitit, ac deinde sensim atque placide, tamquam hominem noscitans, accedit;1;niespodziewanie, nieoczekiwanie, nagle;nagle;False;2025-03-29 22:12:35
default_user;1;latin;rĕpentĕ [adv];Leo repente constitit, ac deinde sensim atque placide, tamquam hominem noscitans, accedit;1;niespodziewanie, nieoczekiwanie, nagle;natychmiast;False;2025-03-29 22:12:44
default_user;1;latin;rĕpentĕ [adv];Leo repente constitit, ac deinde sensim atque placide, tamquam hominem noscitans, accedit;1;niespodziewanie, nieoczekiwanie, nagle;;False;2025-03-29 22:12:45
default_user;1;latin;tunc [adv];Ille tunc recubuit et quievit;1;następnie, w tym czasie;;False;2025-03-29 22:13:18
default_user;1;latin;spīna, spinae [noun] [f] [I];Ibi ego spinam ingentem ex pede eius revelli saniemque vulnere expressi ac sine metu detersi cruorem;1;(roślina i zwierzę) cierń, kręgosłup, kolce;;False;2025-03-29 22:13:30
default_user;1;latin;prōconsŭlāris, proconsularis, proconsulare [adj];Dominus meus provinciam Africam proconsulari imperio obtinebat;1;prokonsularny;prokonsularny;True;2025-03-29 22:14:22
default_user;1;latin;ostendo, ostendĕre, ostendi, ostentum [verb] [III];Qui postquam vidit me, mitis accessit ac pedem suum mihi ostendit;1;pokazać;pokazywać;False;2025-03-29 22:14:47
default_user;1;latin;ostendo, ostendĕre, ostendi, ostentum [verb] [III];Qui postquam vidit me, mitis accessit ac pedem suum mihi ostendit;1;pokazać;;False;2025-03-29 22:14:50
default_user;1;latin;spectācŭlum, spectaculi [noun] [n] [II];Aliquando Romae spectaculum venationis populo dabatur;1;widok, spektakl, występ publiczny, pokaz;widowisko publiczne, igrzyska;False;2025-03-29 22:15:00
default_user;1;latin;spectācŭlum, spectaculi [noun] [n] [II];Aliquando Romae spectaculum venationis populo dabatur;1;widok, spektakl, występ publiczny, pokaz;;False;2025-03-29 22:15:01
default_user;1;latin;terrĭbĭlis, terribilis, terribile [adj];Leo corporis magnitudine terribilique voce oculos omnium in se convertit;1;przerażający, straszny;przerażający, straszny;True;2025-03-29 22:16:09
default_user;1;latin;ille, illa, illud [pron];Ego ab illo iniquis et cotidianis verberibus ad fugam sum coactus et in camporum et arenarum solitudines concessi;1;tamten, ów;tamten, ów;True;2025-03-29 22:16:21
default_user;2;latin;spīna, spinae [noun] [f] [I];Ibi ego spinam ingentem ex pede eius revelli saniemque vulnere expressi ac sine metu detersi cruorem;1;(roślina i zwierzę) cierń, kręgosłup, kolce;;False;2025-03-30 20:11:54
default_user;3;latin;ostendo, ostendĕre, ostendi, ostentum [verb] [III];Qui postquam vidit me, mitis accessit ac pedem suum mihi ostendit;1;pokazać;pokazać;True;2025-03-30 20:13:10
default_user;3;latin;crūs, cruris [noun] [n] [III];Tum leo caudam more canum placide movet cruraque et manum hominis linqua leniter tangit;1;noga, podudzie;noga, podudzie;True;2025-03-30 20:13:53
default_user;3;latin;complūres, complurĭum [noun] [m] [pl] [III];Introductus est inter complures servus viri consularis;1;kilka, spora liczba;wiele, liczni (spr. w słowniku papierowym);False;2025-03-30 20:14:05
default_user;3;latin;complūres, complurĭum [noun] [m] [pl] [III];Introductus est inter complures servus viri consularis;1;kilka, spora liczba;;False;2025-03-30 20:14:07
default_user;3;latin;mĕtŭs, metūs [noun] [m] [IV];Ibi ego spinam ingentem ex pede eius revelli saniemque vulnere expressi ac sine metu detersi cruorem;1;strach, niepokój;;False;2025-03-30 20:14:30
default_user;3;latin;rĕcŭpĕro, rĕcŭpĕrāre, recuperavi, recuperatum [verb] [I];Androclus inter illa blandimenta ferocis bestiae amissum animum recuperat paulatimque oculos ad leonem vertit;1;odzyskać, przywrócić, przywrócić do zdrowia;odzyskać, przywrócić, przywrócić do zdrowia;True;2025-03-30 20:14:39
default_user;3;latin;sensim [adv];Leo repente constitit, ac deinde sensim atque placide, tamquam hominem noscitans, accedit;1;powoli, stopniowo, ostrożnie;powoli, stopniowo, ostrożnie;True;2025-03-30 20:15:08
default_user;3;latin;paulātim [adv];Androclus inter illa blandimenta ferocis bestiae amissum animum recuperat paulatimque oculos ad leonem vertit;1;stopniowo, po trochu, kawałek po kawałku;stopniowo, po trochu, kawałek po kawałku;True;2025-03-30 20:15:17
default_user;3;latin;tunc [adv];Ille tunc recubuit et quievit;1;następnie, w tym czasie;;False;2025-03-30 20:15:29
default_user;3;latin;admīrābĭlis, admirabilis, admirabile [adj];Ea re tam admirabili clamores populi excitati sunt;3;godny podziwu, wspaniały | dziwny, zadziwiający, niezwykły | paradoksalny, sprzeczny;dziwny, zadziwiający, niezwykły;True;2025-03-30 20:16:01
default_user;3;latin;admīrābĭlis, admirabilis, admirabile [adj];Ea re tam admirabili clamores populi excitati sunt;3;godny podziwu, wspaniały | paradoksalny, sprzeczny;godny podziwu, wspaniały;True;2025-03-30 20:16:01
default_user;3;latin;admīrābĭlis, admirabilis, admirabile [adj];Ea re tam admirabili clamores populi excitati sunt;3;paradoksalny, sprzeczny;paradoksalny, sprzeczny;True;2025-03-30 20:16:15
default_user;3;latin;rĕmōtus, remotă, remotum [adj];Aliquando specum remotum inveni ibique intravi;2;oddalony, odsunięty | usunięty, wycofany;oddalony, odsunięty;True;2025-03-30 20:16:33
default_user;3;latin;rĕmōtus, remotă, remotum [adj];Aliquando specum remotum inveni ibique intravi;2;usunięty, wycofany;;False;2025-03-30 20:16:41
default_user;3;latin;sănĭēs, saniei [noun] [f] [V];Ibi ego spinam ingentem ex pede eius revelli saniemque vulnere expressi ac sine metu detersi cruorem;1;ropa itp. wypływająca z rany lub wrzodu;;False;2025-03-30 20:17:23
default_user;3;latin;spīna, spinae [noun] [f] [I];Ibi ego spinam ingentem ex pede eius revelli saniemque vulnere expressi ac sine metu detersi cruorem;2;cierń, kolec | kręgosłup;(roślina i zwierzę) cierń, kręgosłup, kolce;False;2025-03-30 20:18:34
default_user;3;latin;spīna, spinae [noun] [f] [I];Ibi ego spinam ingentem ex pede eius revelli saniemque vulnere expressi ac sine metu detersi cruorem;2;cierń, kolec | kręgosłup;;False;2025-03-30 20:18:36
default_user;3;latin;spīna, spinae [noun] [f] [I];Ibi ego spinam ingentem ex pede eius revelli saniemque vulnere expressi ac sine metu detersi cruorem;1;kręgosłup;;False;2025-03-30 20:18:47
default_user;3;latin;crŭŏr, cruoris [noun] [m] [III];Ibi ego spinam ingentem ex pede eius revelli saniemque vulnere expressi ac sine metu detersi cruorem;1;krew;krew;True;2025-03-30 20:18:58
default_user;3;latin;spectācŭlum, spectaculi [noun] [n] [II];Aliquando Romae spectaculum venationis populo dabatur;1;widok, spektakl, występ publiczny, pokaz;widok, spektakl, występ publiczny, pokaz;True;2025-03-30 20:19:13
default_user;3;latin;exprĭmo, exprĭmĕre, expressi, expressum [verb] [III];Ibi ego spinam ingentem ex pede eius revelli saniemque vulnere expressi ac sine metu detersi cruorem;2;ściskać, wyciskać | wymawiać, wyrażać;ściskać, wyciskać;True;2025-03-30 20:19:25
default_user;3;latin;exprĭmo, exprĭmĕre, expressi, expressum [verb] [III];Ibi ego spinam ingentem ex pede eius revelli saniemque vulnere expressi ac sine metu detersi cruorem;2;wymawiać, wyrażać;;False;2025-03-30 20:19:35
default_user;3;latin;rĕpentĕ [adv];Leo repente constitit, ac deinde sensim atque placide, tamquam hominem noscitans, accedit;1;nagle, niespodziewanie;nagle, niespodziewanie;True;2025-03-30 20:20:13
default_user;3;latin;obtĭnĕo, obtĭnēre, obtinui, obtentum [verb] [II];Dominus meus provinciam Africam proconsulari imperio obtinebat;2;utrzymywać, zachowywać | mieć, dzierżyć, sprawować;utrzymywać, zachowywać;True;2025-03-30 20:20:23
default_user;3;latin;obtĭnĕo, obtĭnēre, obtinui, obtentum [verb] [II];Dominus meus provinciam Africam proconsulari imperio obtinebat;2;mieć, dzierżyć, sprawować;trzymać;False;2025-03-30 20:20:23
default_user;3;latin;obtĭnĕo, obtĭnēre, obtinui, obtentum [verb] [II];Dominus meus provinciam Africam proconsulari imperio obtinebat;2;mieć, dzierżyć, sprawować;;False;2025-03-30 20:20:28
default_user;4;latin;condo, condĕre, condidi, conditum [verb] [III];Romam a Romulo conditam esse scriptores tradunt;1;budować, zakładać, tworzyć;zakładać, ustanawiać;False;2025-04-12 11:22:17
default_user;4;latin;condo, condĕre, condidi, conditum [verb] [III];Romam a Romulo conditam esse scriptores tradunt;1;budować, zakładać, tworzyć;;False;2025-04-12 11:22:21
default_user;4;latin;dīco, dīcĕre, dixi, dictum [verb] [III];Thales dixit aquam esse initium rerum;1;mówić, twierdzić, oświadczać;mówić, twierdzić, oświadczać;True;2025-04-12 11:24:01
default_user;4;latin;magnus, magnă, magnum [adj];De Alexandro Magno et asini domino callido;1;duży, wielki;duży, wielki;True;2025-04-12 11:25:32
default_user;4;latin;exclāmo, exclāmāre, exclamavi, exclamatum [verb] [I];Tum Nasica exlamat se domi non esse;1;wykrzyknąć, krzyczeć, wołać;wykrzyknąć, krzyczeć, wołać;True;2025-04-12 11:25:41
default_user;4;latin;rectē [adv];Oraculi praeceptum non explicas recte: asinus meus tibi primus occurrit, eum interficire debes;1;słusznie, prawidłowo, właściwie, poprawnie;słusznie;False;2025-04-12 11:26:21
default_user;4;latin;rectē [adv];Oraculi praeceptum non explicas recte: asinus meus tibi primus occurrit, eum interficire debes;1;słusznie, prawidłowo, właściwie, poprawnie;słusznie, prawidłowo, właściwie, poprawnie;True;2025-04-12 11:26:33
default_user;4;latin;pŭto, pŭtāre, putavi, putatum [verb] [I];Sententiam illam veram esse puto;1;myśleć, wierzyć, sądzić;wierzyć;False;2025-04-12 12:35:34
default_user;4;latin;pŭto, pŭtāre, putavi, putatum [verb] [I];Sententiam illam veram esse puto;1;myśleć, wierzyć, sądzić;;False;2025-04-12 12:35:35
default_user;4;latin;dē [prep];De Alexandro Magno et asini domino callido;1;o (kimś, czymś);o (kimś, czymś);True;2025-04-12 12:40:47
default_user;4;latin;dŏmĭnus, domini [noun] [m] [II];Nasica tamen sensit illam domini iussu dixisse et poetam domi esse;1;właściciel, pan;właściciel, pan;True;2025-04-12 12:40:57
default_user;4;latin;cŏquus, coqui [noun] [m] [II];Innumerabiles esse morbos affirmas ? coquos numera!;1;kucharz;kucharz;True;2025-04-12 12:41:10
default_user;4;latin;mĭsĕr, miseră, miserum [adj];Credo miseram fuisse Penelopen, quae tam diu viro suo caruit;1;nieszczęśliwy;nieszczęśliwy;True;2025-04-12 12:41:30
default_user;4;latin;prīmus, primă, primum [adj];Necari iube eum, qui tibi in urbis porta primus occurret;1;pierwszy, najważniejszy lub najlepszy, naczelny, główny;pierwszy, najważniejszy lub najlepszy, naczelny, główny;True;2025-04-12 12:41:44
default_user;4;latin;iānŭa, ianuae [noun] [f] [I];Paucis diebus post ad Nasicam Ennius venit eumque ad ianuam quaerebat;1;drzwi, wejście, dostęp;drzwi, wejście, dostęp;True;2025-04-12 12:41:52
default_user;4;latin;paucus, paucă, paucum [adj];Paucis diebus post ad Nasicam Ennius venit eumque ad ianuam quaerebat;1;mały, niewielki, niewielka liczba, tylko kilka;mały, niewielki, niewielka liczba, tylko kilka;True;2025-04-12 12:42:00
default_user;4;latin;explĭco, explĭcāre, explicavi o explicui, explicatum o explicitum [verb] [I];Oraculi praeceptum non explicas recte: asinus meus tibi primus occurrit, eum interficire debes;2;rozwijać, rozplątywać | wyjaśniać, tłumaczyć (coś skomplikowanego, zawiłego);wyjaśniać, tłumaczyć (coś skomplikowanego, zawiłego);True;2025-04-12 12:42:19
default_user;4;latin;explĭco, explĭcāre, explicavi o explicui, explicatum o explicitum [verb] [I];Oraculi praeceptum non explicas recte: asinus meus tibi primus occurrit, eum interficire debes;2;rozwijać, rozplątywać;uwalniać, rozwiązywać;False;2025-04-12 12:42:19
default_user;4;latin;explĭco, explĭcāre, explicavi o explicui, explicatum o explicitum [verb] [I];Oraculi praeceptum non explicas recte: asinus meus tibi primus occurrit, eum interficire debes;2;rozwijać, rozplątywać;;False;2025-04-12 12:42:25
default_user;4;latin;obvĭăm [adv];Alexandro vir pauper, qui asinum agebat, obviam venit;1;ku, naprzeciw (np. wyjść komuś naprzeciw) (+ dat);;False;2025-04-12 15:56:33
default_user;4;latin;vīsĭto, vīsĭtāre, visitavi, visitatum [verb] [I];Nasica Ennium poetam visitat;1;odwiedzać;odwiedzać;True;2025-04-12 16:46:14
default_user;4;latin;cŭpĭdus, cupidă, cupidum [adj];Imperator dicit se numquam triumphi cupidum fuisse;1;żądny, pragnący, spragniony (czegoś) (+ gen);żądny, pragnący, spragniony (czegoś) (+ gen);True;2025-04-12 16:46:58
default_user;4;latin;ăsĭnus, asini [noun] [m] [II];De Alexandro Magno et asini domino callido;2;osioł | tępak, głupiec, dureń;osioł;True;2025-04-12 16:47:07
default_user;4;latin;ăsĭnus, asini [noun] [m] [II];De Alexandro Magno et asini domino callido;2;tępak, głupiec, dureń;tępak, głupiec, dureń;True;2025-04-12 16:47:07
default_user;4;latin;paupĕr, paupĕr, paupĕr [adj];Alexandro vir pauper, qui asinum agebat, obviam venit;1;biedny, skromny;biedny, skromny;True;2025-04-12 16:47:23
default_user;4;latin;iŭbĕo, iŭbēre, iussi, iussum [verb] [II];Necari iube eum, qui tibi in urbis porta primus occurret;1;rozkazywać, nakazywać, żądać (+ acc + inf, ew. + sam inf w stronie biernej);rozkazywać, zlecić;False;2025-04-12 16:47:35
default_user;4;latin;iŭbĕo, iŭbēre, iussi, iussum [verb] [II];Necari iube eum, qui tibi in urbis porta primus occurret;1;rozkazywać, nakazywać, żądać (+ acc + inf, ew. + sam inf w stronie biernej);;False;2025-04-12 16:47:39
default_user;4;latin;rādix, radicis [noun] [f] [III];Cato dixit litterarum radices amaras esse, sed fructus iucundiores;1;korzeń;korzeń;True;2025-04-12 16:49:18
default_user;4;latin;obtempĕro, obtempĕrāre, obtemperavi, obtemperatum [verb] [I];Alexander oraculo obtemperans virum interfici iubet;1;być posłusznym, podporządkowywać się (+ dat);być posłusznym, podporządkowywać się (+ dat);True;2025-04-12 16:50:04
default_user;4;latin;nescĭo, nescīre, nescii o nescivi, nescitum [verb] [IV];Soror mea nesciebat amicam meam Varsoviae habitare;1;nie wiedzieć, nie znać (komentarz - ne + scio);nie wiedzieć, nie znać;False;2025-04-12 16:50:13
default_user;4;latin;nescĭo, nescīre, nescii o nescivi, nescitum [verb] [IV];Soror mea nesciebat amicam meam Varsoviae habitare;1;nie wiedzieć, nie znać (komentarz - ne + scio);;False;2025-04-12 16:50:21
default_user;4;latin;trĭumphus, triumphi [noun] [m] [II];Imperator dicit se numquam triumphi cupidum fuisse;1;triumf, parada zwycięstwa;triumf, parada zwycięstwa;True;2025-04-12 16:51:37
default_user;4;latin;aeger, aegră, aegrum [adj];Amicus meus aeger fuit;1;chory, schorowany, niedołężny;chory, schorowany, niedołężny;True;2025-04-12 16:51:43
default_user;4;latin;pŏēta, poetae [noun] [m] [I];Nasica Ennium poetam visitat;1;poeta;poeta;True;2025-04-12 16:52:21
default_user;4;latin;porta, portae [noun] [f] [I];Necari iube eum, qui tibi in urbis porta primus occurret;1;drzwi, brama, wejście;drzwi, brama, wejście;True;2025-04-12 16:52:34
default_user;4;latin;ămārus, amară, amarum [adj];Cato dixit litterarum radices amaras esse, sed fructus iucundiores;2;gorzki | przykry, uciążliwy;gorzki;True;2025-04-12 16:53:02
default_user;4;latin;ămārus, amară, amarum [adj];Cato dixit litterarum radices amaras esse, sed fructus iucundiores;2;przykry, uciążliwy;trudny;False;2025-04-12 16:54:17
default_user;4;latin;ămārus, amară, amarum [adj];Cato dixit litterarum radices amaras esse, sed fructus iucundiores;2;przykry, uciążliwy;;False;2025-04-12 16:54:26
default_user;4;latin;callĭdus, callidă, callidum [adj];De Alexandro Magno et asini domino callido;1;przebiegły, sprytny, pomysłowy;przebiegły, sprytny, pomysłowy;True;2025-04-12 16:55:17
default_user;4;latin;responsum, responsi [noun] [n] [II];Placuit regi callidum responsum viri et asinum pro homine morti destinavit;1;odpowiedź, reakcja;odpowiedź, reakcja;True;2025-04-12 16:55:25
default_user;4;latin;innŭmĕrābĭlis, innumerabilis, innumerabile [adj];Innumerabiles esse morbos affirmas ? coquos numera!;1;niezliczony;niezliczony;True;2025-04-12 16:55:34
default_user;4;latin;dŏmŭs, domūs [noun] [f] [IV];Nasica tamen sensit illam domini iussu dixisse et poetam domi esse;1;dom, budynek, gospodarstwo domowe;dom, budynek, gospodarstwo domowe;True;2025-04-12 16:55:57
default_user;4;latin;morbus, morbi [noun] [m] [II];Innumerabiles esse morbos affirmas ? coquos numera!;1;choroba;choroba;True;2025-04-12 16:56:42
default_user;4;latin;impŭdens, impŭdens, impŭdens [adj];Homo es impudens;1;bezwstydny, bezczelny;bezwstydny, bezczelny;True;2025-04-12 16:56:54
default_user;4;latin;iussŭs, iussūs [noun] [m] [IV];Nasica tamen sensit illam domini iussu dixisse et poetam domi esse;1;rozkaz, polecenie, dekret, rozporządzenie;rozkaz, polecenie, dekret, rozporządzenie;True;2025-04-12 16:57:32
default_user;4;latin;fructŭs, fructūs [noun] [m] [IV];Cato dixit litterarum radices amaras esse, sed fructus iucundiores;1;owoc (dosłownie, ale też jako zysk, nagroda);owoc (dosłownie, ale też jako zysk, nagroda);True;2025-04-12 16:57:41
default_user;4;latin;destĭno, destĭnāre, destinavi, destinatum [verb] [I];Placuit regi callidum responsum viri et asinum pro homine morti destinavit;1;przeznaczać (do czegoś, na coś);wyznaczać;False;2025-04-12 16:57:58
default_user;4;latin;destĭno, destĭnāre, destinavi, destinatum [verb] [I];Placuit regi callidum responsum viri et asinum pro homine morti destinavit;1;przeznaczać (do czegoś, na coś);;False;2025-04-12 16:57:59
default_user;4;latin;ēnarro, ēnarrāre, enarravi, enarratum [verb] [I];Alexander ei oraculi praeceptum enarrat;1;wyjaśniać, objaśniać, szczegółowo opisywać;wyjaśniać, objaśniać, szczegółowo opisywać;True;2025-04-12 16:58:29
default_user;4;latin;ăqua, aquae [noun] [f] [I];Thales dixit aquam esse initium rerum;1;woda;woda;True;2025-04-12 16:58:34
default_user;4;latin;ostĭum, ostii [noun] [n] [II];Nasica aliquando ad Ennium poetam venit, cui ab ostio Ennium quarenti ancilla dixit dominum domi non esse;1;drzwi wejściowe;drzwi, brama, wejście;False;2025-04-12 16:58:40
default_user;4;latin;ostĭum, ostii [noun] [n] [II];Nasica aliquando ad Ennium poetam venit, cui ab ostio Ennium quarenti ancilla dixit dominum domi non esse;1;drzwi wejściowe;drzwi wejściowe;True;2025-04-12 16:58:49
default_user;5;latin;explĭco, explĭcāre, explicavi o explicui, explicatum o explicitum [verb] [I];Oraculi praeceptum non explicas recte: asinus meus tibi primus occurrit, eum interficire debes;2;rozwijać, rozplątywać | wyjaśniać, tłumaczyć (coś skomplikowanego, zawiłego);wyjaśniać, tłumaczyć (coś skomplikowanego, zawiłego);True;2025-04-12 19:58:01
default_user;5;latin;explĭco, explĭcāre, explicavi o explicui, explicatum o explicitum [verb] [I];Oraculi praeceptum non explicas recte: asinus meus tibi primus occurrit, eum interficire debes;2;rozwijać, rozplątywać;rozwijać, rozplątywać;True;2025-04-12 19:58:10
default_user;5;latin;iŭbĕo, iŭbēre, iussi, iussum [verb] [II];Necari iube eum, qui tibi in urbis porta primus occurret;1;rozkazywać, nakazywać, żądać (+ acc + inf, ew. + sam inf w stronie biernej);rozkazywać, zlecić;False;2025-04-12 19:58:20
default_user;5;latin;iŭbĕo, iŭbēre, iussi, iussum [verb] [II];Necari iube eum, qui tibi in urbis porta primus occurret;1;rozkazywać, nakazywać, żądać (+ acc + inf, ew. + sam inf w stronie biernej);;False;2025-04-12 19:58:22
default_user;5;latin;ămārus, amară, amarum [adj];Cato dixit litterarum radices amaras esse, sed fructus iucundiores;2;gorzki | przykry, uciążliwy;gorzki;True;2025-04-12 19:58:49
default_user;5;latin;ămārus, amară, amarum [adj];Cato dixit litterarum radices amaras esse, sed fructus iucundiores;2;przykry, uciążliwy;przykry, uciążliwy;True;2025-04-12 19:58:49
default_user;5;latin;rectē [adv];Oraculi praeceptum non explicas recte: asinus meus tibi primus occurrit, eum interficire debes;1;słusznie, prawidłowo, właściwie, poprawnie;słusznie, prawidłowo, właściwie, poprawnie;True;2025-04-12 19:59:05
default_user;5;latin;destĭno, destĭnāre, destinavi, destinatum [verb] [I];Placuit regi callidum responsum viri et asinum pro homine morti destinavit;1;przeznaczać (do czegoś, na coś);przeznaczać (do czegoś, na coś);True;2025-04-12 19:59:14
default_user;5;latin;pŭto, pŭtāre, putavi, putatum [verb] [I];Sententiam illam veram esse puto;1;myśleć, wierzyć, sądzić;myśleć, wierzyć, sądzić;True;2025-04-12 19:59:25
default_user;5;latin;ostĭum, ostii [noun] [n] [II];Nasica aliquando ad Ennium poetam venit, cui ab ostio Ennium quarenti ancilla dixit dominum domi non esse;1;drzwi wejściowe;drzwi wejściowe;True;2025-04-12 19:59:32
default_user;5;latin;condo, condĕre, condidi, conditum [verb] [III];Romam a Romulo conditam esse scriptores tradunt;1;budować, zakładać, tworzyć;zakładać, ustanawiać;False;2025-04-12 19:59:46
default_user;5;latin;condo, condĕre, condidi, conditum [verb] [III];Romam a Romulo conditam esse scriptores tradunt;1;budować, zakładać, tworzyć;budować, zakładać, tworzyć;True;2025-04-12 20:00:01
default_user;5;latin;nescĭo, nescīre, nescii o nescivi, nescitum [verb] [IV];Soror mea nesciebat amicam meam Varsoviae habitare;1;nie wiedzieć, nie znać (komentarz - ne + scio);nie wiedzieć, nie znać (komentarz - ne + scio);True;2025-04-12 20:00:16
default_user;5;latin;obvĭăm [adv];Alexandro vir pauper, qui asinum agebat, obviam venit;1;ku, naprzeciw (np. wyjść komuś naprzeciw) (+ dat);ku, naprzeciw (np. wyjść komuś naprzeciw) (+ dat);True;2025-04-12 20:00:59
default_user;6;latin;sum, esse, fuī [verb] [anomalous];Marcus discipulus est;1;być;być;True;2025-05-31 15:06:08
default_user;6;latin;concordia, concordiae [noun] [I] [f];Ibi victoria, ubi concordia;1;zgoda;zgoda;True;2025-05-31 15:06:17
default_user;6;latin;faber, fabri [noun] [m] [II];Multi incolae Poloniae agricolae, fabri, operarii, nautae sunt;1;rzemieślnik;rzemieślnik;True;2025-05-31 15:06:31
default_user;6;latin;vinea, vineae [noun] [I] [f];Ancillae in vineā labōrant;1;winnica;winnica;True;2025-05-31 15:07:40
default_user;6;latin;rarus, rara, rarum [adj];Rarus fortūna suā contentus;1;rzadki, mało kto;rzadki, mało kto;True;2025-05-31 15:07:51
default_user;6;latin;divitiae, divitiārum [noun] [f] [I] [pl];Fabri patriae divitias parant;1;bogactwa (materialne);bogactwa (materialne);True;2025-05-31 15:08:03
default_user;6;latin;fīnitimī, fīnitimōrum [noun] [II] [m] [pl];Polōnis finitimi sunt: ..;1;sąsiedzi;sąsiedzi;True;2025-05-31 15:08:16
default_user;6;latin;bene [adv];"Errant, qui affirmant: ""Ibi patria, ubi bene""";1;dobrze;dobrze;True;2025-05-31 15:08:23
default_user;6;latin;humanum, humani [noun] [n] [II];Errare humanum est;1;rzecz ludzka;rzecz ludzka;True;2025-05-31 15:10:43
default_user;6;latin;laudō, laudāre, laudāvī, laudātum [verb] [I];Marīa amīcam amat et laudat;1;chwalić;chwalić;True;2025-05-31 15:10:57
default_user;6;latin;numquam [adv];Numquam fortunā nostrā contenti sumus;1;nigdy;nigdy;True;2025-05-31 15:11:42
default_user;6;latin;do, dāre, dedī, datum [verb] [I];Matrona tunicas ancillis dat;2;dawać | oddawać się;dawać;True;2025-05-31 15:12:20
default_user;6;latin;do, dāre, dedī, datum [verb] [I];Matrona tunicas ancillis dat;2;oddawać się;oddawać się;True;2025-05-31 15:12:20
default_user;6;latin;valdē [adv];Varsoviam valde amamus;1;bardzo;bardzo;True;2025-05-31 15:12:33
default_user;6;latin;properō, properāre, properāvi, properātum [verb] [I];Puer Romānus in scholam properat;1;spieszyć się, spieszyć;;False;2025-05-31 15:13:08
default_user;6;latin;operarius, operarii [noun] [m] [II];Multi incolae Poloniae agricolae, fabri, operarii, nautae sunt;1;robotnik, pracownik fizyczny;robotnik;False;2025-05-31 15:27:29
default_user;6;latin;operarius, operarii [noun] [m] [II];Multi incolae Poloniae agricolae, fabri, operarii, nautae sunt;1;robotnik, pracownik fizyczny;;False;2025-05-31 15:28:02
default_user;6;latin;paro, parāre, parāvī, parātum [verb] [I];Fabri patriae divitias parant;2;przygotowywać | zdobywać;przygotowywać;True;2025-05-31 15:29:44
default_user;6;latin;paro, parāre, parāvī, parātum [verb] [I];Fabri patriae divitias parant;2;zdobywać;zdobywać;True;2025-05-31 15:29:44
default_user;6;latin;celebrō, celebrāre, celebrāvī, celebrātum [verb] [I];Poētae Polonōrum gloriam patriae nostrae celebrant;1;rozgłaszać;ogłaszać;False;2025-05-31 15:39:19
default_user;6;latin;celebrō, celebrāre, celebrāvī, celebrātum [verb] [I];Poētae Polonōrum gloriam patriae nostrae celebrant;1;rozgłaszać;;False;2025-05-31 15:39:21
default_user;6;latin;incola, incolae [noun] [I] [m/f];Varsovia incolis Poloniae cara est;1;mieszkaniec;mieszkaniec;True;2025-05-31 15:43:44
default_user;6;latin;affirmo, affirmāre, affirmāvī, affirmātum [verb] [I];"Errant, qui affirmant: ""Ibi patria, ubi bene""";1;potwierdzać, zapewniać, twierdzić;potwierdzać, zapewniać, twierdzić;True;2025-05-31 15:43:57
default_user;6;latin;prōsum, prōdesse, profuī [verb] [anomalous];Fabri patriae prosunt;1;pomagać, być pożytecznym;pomagać, być pożytecznym;True;2025-05-31 15:44:16
default_user;6;latin;quia [conj];Patriam amāmus non quia magna est sed quia nostra;1;ponieważ;ponieważ;True;2025-05-31 15:44:31
default_user;6;latin;erro, errāre, errāvī, errātum [verb] [I];Errare humanum est;1;mylić się;;False;2025-05-31 15:45:58
default_user;6;latin;fluvius, fluviī [noun] [II] [m];Nautae Neptūno, Oceani et fluviōrum deo, equos at tauros mactābant;1;rzeka;rzeka;True;2025-05-31 15:47:57
default_user;6;latin;perītus, perīta, perītum [adj];Nautae periti navigant;1;doświadczony;doświadczony;True;2025-05-31 15:51:20
default_user;6;latin;ubi [adv];Ibi victoria ubi concordia;1;gdzie, kiedy;gdzie, kiedy;True;2025-05-31 15:51:30
default_user;6;latin;habitō, habitāre, habitāvī, habitātum [verb] [I];Nos Poloni in Polonia habitamus;1;mieszkać;mieszkać;True;2025-05-31 15:51:44
default_user;6;latin;etiam [conj];Etiam silvae magnae et pulchrae terram nostram ornant;1;także;bowiem, ponieważ;False;2025-05-31 15:51:51
default_user;6;latin;etiam [conj];Etiam silvae magnae et pulchrae terram nostram ornant;1;także;;False;2025-05-31 15:51:53
default_user;6;latin;saepe [adv];De Varsoviā poetae saepe narrant;1;często;często;True;2025-05-31 15:52:08
default_user;6;latin;sempiternus, sempiterna, sempiternum [adj];Verae amicitiae sempiternae sunt;1;ciągły, trwały, wieczny;ciągły, trwały, wieczny;True;2025-05-31 15:52:16
default_user;6;latin;ibi [adv];Ibi victoria ubi concordia;1;tam;tam;True;2025-05-31 15:52:21
default_user;6;latin;legō, legere, lēgī, lectum [verb] [III];Marcus discipulus est, libros libenter legit;1;czytać;czytać;True;2025-05-31 15:52:34
default_user;6;latin;habeo, habēre, habuī, habitum [verb] [II];Marcus discipulus est, libros multos habet;1;mieć;mieć;True;2025-05-31 15:52:43
default_user;6;latin;nāvigo, nāvigāre, nāvigāvī, nāvigātum [verb] [I];Nautae periti navigant;1;żeglować;płynąć;False;2025-05-31 15:52:54
default_user;6;latin;nāvigo, nāvigāre, nāvigāvī, nāvigātum [verb] [I];Nautae periti navigant;1;żeglować;;False;2025-05-31 15:53:10
default_user;6;latin;spectō, spectāre, spectāvī, spectātum [verb] [I];Specta, Sophia. En, Victoriae statua clara;1;patrzeć, widzieć;spostrzegać;False;2025-05-31 15:53:25
default_user;6;latin;spectō, spectāre, spectāvī, spectātum [verb] [I];Specta, Sophia. En, Victoriae statua clara;1;patrzeć, widzieć;patrzeć, widzieć;True;2025-05-31 15:53:39
default_user;6;latin;ager, agri [noun] [m] [II];Agricolae in agris laborant;1;rola, pole;rola, pole;True;2025-05-31 15:54:31
default_user;6;latin;cūrō, cūrāre, cūrāvi, cūrātum [verb] [I];O servi, Spartacus fortūna vestrae curat!;1;troszczyć się, dbać (o coś + dat);troszczyć się, dbać (o coś + dat);True;2025-05-31 15:54:48
default_user;6;latin;monstrō, monstrāre, monstrāvi, monstrātum [verb] [I];Servis dominus hortum monstrat;1;pokazywać (fizycznie, ale też uczyć, pouczać, objaśniać);pokazać;False;2025-05-31 15:54:55
default_user;6;latin;monstrō, monstrāre, monstrāvi, monstrātum [verb] [I];Servis dominus hortum monstrat;1;pokazywać (fizycznie, ale też uczyć, pouczać, objaśniać);;False;2025-05-31 15:54:57
default_user;6;latin;castīgo, castīgāre, castīgāvī, castīgātum [verb] [I];Ancillam miseram domina sevēra castīgat;1;karcić, upominać, dyscyplinować;karać;False;2025-05-31 15:55:17
default_user;6;latin;castīgo, castīgāre, castīgāvī, castīgātum [verb] [I];Ancillam miseram domina sevēra castīgat;1;karcić, upominać, dyscyplinować;;False;2025-05-31 15:55:18
default_user;6;latin;nauta, nautae [noun] [m] [I];Multi incolae Poloniae agricolae, fabri, operarii, nautae sunt;1;żeglarz;żeglarz;True;2025-05-31 15:55:51
default_user;6;latin;aro, arāre, arāvī, arātum [verb] [I];Agricolae terram arant;1;orać;orać;True;2025-05-31 15:55:57
default_user;6;latin;sed [conj];Patriam amāmus non quia magna est sed quia nostra;1;lecz;lecz;True;2025-05-31 15:56:01
default_user;7;latin;properō, properāre, properāvi, properātum [verb] [I];Puer Romānus in scholam properat;1;spieszyć się, spieszyć;spieszyć się, spieszyć;True;2025-06-01 10:13:33
default_user;7;latin;celebrō, celebrāre, celebrāvī, celebrātum [verb] [I];Poētae Polonōrum gloriam patriae nostrae celebrant;1;rozsławiać, wychwalać, sławić;rozsławiać, wychwalać, sławić;True;2025-06-01 10:13:51
default_user;7;latin;monstrō, monstrāre, monstrāvi, monstrātum [verb] [I];Servis dominus hortum monstrat;1;pokazywać (fizycznie, ale też uczyć, pouczać, objaśniać);pokazać;False;2025-06-01 10:14:03
default_user;7;latin;monstrō, monstrāre, monstrāvi, monstrātum [verb] [I];Servis dominus hortum monstrat;1;pokazywać (fizycznie, ale też uczyć, pouczać, objaśniać);;False;2025-06-01 10:14:06
default_user;7;latin;castīgo, castīgāre, castīgāvī, castīgātum [verb] [I];Ancillam miseram domina sevēra castīgat;1;karcić, upominać, dyscyplinować;karcić, upominać, dyscyplinować;True;2025-06-01 10:15:30
default_user;7;latin;nāvigo, nāvigāre, nāvigāvī, nāvigātum [verb] [I];Nautae periti navigant;1;żeglować;żeglować;True;2025-06-01 10:15:37
default_user;7;latin;erro, errāre, errāvī, errātum [verb] [I];Errare humanum est;1;mylić się;;False;2025-06-01 10:15:51
default_user;7;latin;operarius, operarii [noun] [m] [II];Multi incolae Poloniae agricolae, fabri, operarii, nautae sunt;1;robotnik, pracownik fizyczny;robotnik, pracownik fizyczny;True;2025-06-01 10:16:19
default_user;7;latin;spectō, spectāre, spectāvī, spectātum [verb] [I];Specta, Sophia. En, Victoriae statua clara;1;patrzeć, widzieć;patrzeć, widzieć;True;2025-06-01 10:16:27
default_user;7;latin;etiam [conj];Etiam silvae magnae et pulchrae terram nostram ornant;1;także;bowiem, ponieważ;False;2025-06-01 10:17:09
default_user;7;latin;etiam [conj];Etiam silvae magnae et pulchrae terram nostram ornant;1;także;;False;2025-06-01 10:17:11
default_user;8;latin;erro, errāre, errāvī, errātum [verb] [I];Errare humanum est;1;mylić się, błądzić (fizycznie, umysłowo, moralnie);mylić się, błądzić (fizycznie, umysłowo, moralnie);True;2025-06-01 11:40:33
default_user;8;latin;etiam [conj];Etiam silvae magnae et pulchrae terram nostram ornant;1;także;także;True;2025-06-01 11:40:40
default_user;8;latin;monstrō, monstrāre, monstrāvi, monstrātum [verb] [I];Servis dominus hortum monstrat;1;pokazywać, wskazywać, objaśniać;pokazywać, wskazywać, objaśniać;True;2025-06-01 11:40:54
default_user;9;latin;traho, trahere, traxi, tractum [verb] [III];Verba docent, exempla trahunt;1;ciągnąć, pociągać;ciągnąć, pociągać;True;2025-06-01 17:10:35
default_user;9;latin;iam [adv];Fatigatus iam sum sed numquam otium mihi est;1;już;już;True;2025-06-01 17:10:48
default_user;9;latin;aedeficium, aedeficiī [noun] [n], [II];Operarii aedeficia magna struunt;1;budynek;budynek;True;2025-06-01 17:10:56
default_user;9;latin;struō, struere, struxī, structum [verb] [III];Operarii aedeficia magna struunt;1;budować;budować;True;2025-06-01 17:11:35
default_user;9;latin;beātus, beāta, beātum [adj];Beatus est nauta;1;szczęśliwy;szczęśliwy;True;2025-06-01 17:12:41
default_user;9;latin;in [prep];In Polonia habitamus. Spectantium oculi in certantes versi erant;2;do, na (+ acc) | w (+ abl);w (+ abl);True;2025-06-01 17:13:18
default_user;9;latin;in [prep];In Polonia habitamus. Spectantium oculi in certantes versi erant;2;do, na (+ acc);do, dla, na (cel, zamiar) (+ acc);False;2025-06-01 17:13:18
default_user;9;latin;in [prep];In Polonia habitamus. Spectantium oculi in certantes versi erant;2;do, na (+ acc);do, dla, na (cel, zamiar) (+ acc);False;2025-06-01 17:14:12
default_user;9;latin;in [prep];In Polonia habitamus. Spectantium oculi in certantes versi erant;2;do, na (+ acc);;False;2025-06-01 17:14:14
default_user;9;latin;ōtium, ōtiī [noun] [n] [II];Otia post negotia;1;odpoczynek;odpoczynek;True;2025-06-01 17:14:22
default_user;9;latin;cŭm [conj];Vade mecum. Cum munera gladiatoria erant;2;z (kim, czym) (+ abl) | kiedy, podczas gdy;z (kim, czym) (+ abl);True;2025-06-01 17:14:27
default_user;9;latin;cŭm [conj];Vade mecum. Cum munera gladiatoria erant;2;kiedy, podczas gdy;;False;2025-06-01 17:14:40
default_user;9;latin;libenter [adv];Marcus libros libenter legit;1;chętnie;chętnie;True;2025-06-01 17:14:46
default_user;9;latin;negotium, negotiī [noun] [n] [II];Otia post negotia;1;praca;trud, praca;False;2025-06-01 17:14:55
default_user;9;latin;negotium, negotiī [noun] [n] [II];Otia post negotia;1;praca;praca;True;2025-06-01 17:15:06
default_user;9;latin;sēdulus, sēdula, sēdulum [adj];Agricolae seduli agrum arant;1;pilny, pracowity;;False;2025-06-01 17:15:24
default_user;9;latin;ago, agere, ēgi, actum [verb] [III];Tu, agricola, vitam securam agis. Alexandro vir pauper, qui asinum agebat, obviam venit;2;prowadzić, pędzić (np. życie, ale też zwierzę) | czynić, działać, robić;prowadzić, pędzić (np. życie, ale też zwierzę);True;2025-06-01 17:15:45
default_user;9;latin;ago, agere, ēgi, actum [verb] [III];Tu, agricola, vitam securam agis. Alexandro vir pauper, qui asinum agebat, obviam venit;2;czynić, działać, robić;prowadzić, wykonywać;False;2025-06-01 17:16:27
default_user;9;latin;ago, agere, ēgi, actum [verb] [III];Tu, agricola, vitam securam agis. Alexandro vir pauper, qui asinum agebat, obviam venit;2;czynić, działać, robić;;False;2025-06-01 17:16:29
default_user;9;latin;autem [conj];Tu pericula non times. Ego autem ventos et procellas semper timeo;1;zaś;zaś;True;2025-06-01 17:16:50
default_user;9;latin;lūdō, lūdere, lūsī, lūsum [verb] [III];Iulia libros non legit, sed in horto ludit;1;bawić się;bawić się;True;2025-06-01 17:17:03
default_user;9;latin;discō, discere, didicī [verb] [III];Nos linquam latinam discimus;1;uczyć się;uczyć się;True;2025-06-01 17:17:17
default_user;9;latin;timeō, timēre, timuī [verb] [II];Tu, agricola, pericula non times;1;bać się;bać się;True;2025-06-01 17:17:39
default_user;9;latin;invideo, invidēre, invidīdī, invidīsum [verb] [II];Agricola nautae fortūnae invidet;1;zazdrościć (komus + dat);zazdrościć, być zazdrosnym;False;2025-06-01 17:17:48
default_user;9;latin;invideo, invidēre, invidīdī, invidīsum [verb] [II];Agricola nautae fortūnae invidet;1;zazdrościć (komus + dat);;False;2025-06-01 17:17:49
default_user;10;latin;in [prep];In Polonia habitamus. Spectantium oculi in certantes versi erant;2;do, na (+ acc) | w (+ abl);do, na (+ acc);True;2025-06-01 17:24:27
default_user;10;latin;in [prep];In Polonia habitamus. Spectantium oculi in certantes versi erant;2;w (+ abl);w (+ abl);True;2025-06-01 17:24:36
default_user;10;latin;ago, agere, ēgi, actum [verb] [III];Tu, agricola, vitam securam agis. Alexandro vir pauper, qui asinum agebat, obviam venit;2;prowadzić, pędzić (np. życie, ale też zwierzę) | czynić, działać, robić;czynić, działać, robić;True;2025-06-01 17:24:46
default_user;10;latin;ago, agere, ēgi, actum [verb] [III];Tu, agricola, vitam securam agis. Alexandro vir pauper, qui asinum agebat, obviam venit;2;prowadzić, pędzić (np. życie, ale też zwierzę);prowadzić, pędzić (np. życie, ale też zwierzę);True;2025-06-01 17:24:51
default_user;10;latin;cŭm [conj];Vade mecum. Cum munera gladiatoria erant;2;z (kim, czym) (+ abl) | kiedy, podczas gdy;z (kim, czym) (+ abl);True;2025-06-01 17:24:57
default_user;10;latin;cŭm [conj];Vade mecum. Cum munera gladiatoria erant;2;kiedy, podczas gdy;;False;2025-06-01 17:25:06
default_user;10;latin;negotium, negotiī [noun] [n] [II];Otia post negotia;1;praca;trud, praca;False;2025-06-01 17:25:14
default_user;10;latin;negotium, negotiī [noun] [n] [II];Otia post negotia;1;praca;praca;True;2025-06-01 17:25:20
default_user;10;latin;sēdulus, sēdula, sēdulum [adj];Agricolae seduli agrum arant;1;pilny, pracowity;pilny, pracowity;True;2025-06-01 17:25:33
default_user;10;latin;invideo, invidēre, invidīdī, invidīsum [verb] [II];Agricola nautae fortūnae invidet;1;zazdrościć (komus + dat);zazdrościć (komus + dat);True;2025-06-01 17:25:43
default_user;11;latin;negotium, negotiī [noun] [n] [II];Otia post negotia;1;praca;trud, praca;False;2025-06-01 17:41:25
default_user;11;latin;negotium, negotiī [noun] [n] [II];Otia post negotia;1;praca;praca;True;2025-06-01 17:41:34
default_user;11;latin;cŭm [conj];Vade mecum. Cum munera gladiatoria erant;2;z (kim, czym) (+ abl) | kiedy, podczas gdy;z (kim, czym) (+ abl);True;2025-06-01 17:41:40
default_user;11;latin;cŭm [conj];Vade mecum. Cum munera gladiatoria erant;2;kiedy, podczas gdy;kiedy, podczas gdy;True;2025-06-01 17:41:47
